DoctorID,FullName,Gender,Department,AvailableSlotsPerDay,JoiningDate,Status
D101,Dr. Bryan Haney MD,F,Orthopedics,14,2012-05-17,On Leave
D102,Dr. Brian Norris,F,Neurology,9,2020-08-13,Active
D103,Dr. Brian Vasquez,M,General,12,2019-09-17,Active
D104,Dr. Rachel Jones,F,General,8,2023-06-05,On Leave
D105,Dr. Jeffrey Johnson,M,Dermatology,16,2020-08-30,Active
D106,Dr. Anna Lewis,M,Endocrinology,12,2011-03-04,On Leave
D107,Dr. Crystal Barker,M,Pediatrics,11,2011-01-21,On Leave
D108,Dr. Kelly Ramos,M,General,11,2020-11-24,On Leave
D109,Dr. Robin Robinson,M,Endocrinology,15,2022-10-21,On Leave
D110,Dr. William Roy,F,Orthopedics,14,2020-06-13,Active
D111,Dr. Danielle Wagner,F,Cardiology,9,2019-05-07,On Leave
D112,Dr. Amanda Long,F,Gynecology,16,2015-10-08,Active
D113,Dr. Charles Jarvis,F,ENT,14,2024-02-25,On Leave
D114,Dr. Cathy Martin,M,ENT,15,2024-04-12,Active
D115,Dr. Charlene English,M,Gynecology,11,2022-07-31,Active
D116,Dr. Timothy Wagner,F,Pediatrics,8,2022-12-17,Active
D117,Dr. Anthony Russo,M,Endocrinology,9,2017-04-26,Active
D118,Dr. Wayne Griffin,M,Dermatology,8,2011-12-20,On Leave
D119,Dr. Sean Vasquez,F,Neurology,17,2017-12-14,On Leave
D120,Dr. Kathleen Mccormick,M,Gynecology,13,2018-02-06,Active
D121,Dr. Norman Schroeder,F,Pediatrics,13,2018-09-03,On Leave
D122,Dr. Craig Allen,F,Dermatology,9,2017-12-25,On Leave
D123,Dr. Joshua Ross,F,Neurology,9,2011-10-05,On Leave
D124,Dr. Angela Evans,M,General,16,2021-07-07,On Leave
D125,Dr. Brian Warner,M,Neurology,18,2024-06-26,On Leave
D126,Dr. Jessica Harris,M,Neurology,13,2023-05-27,Active
D127,Dr. Kenneth Hernandez,M,Gynecology,9,2020-10-11,Active
D128,Dr. Julie Wheeler,F,Cardiology,12,2024-03-16,On Leave
D129,Dr. Sarah Daniels,F,Pediatrics,9,2012-07-10,Active
D130,Dr. Crystal King,F,General,16,2020-07-04,Active
D131,Dr. Kenneth Harrison,F,ENT,9,2025-01-06,Active
D132,Dr. Nathaniel Duncan,M,Neurology,16,2021-01-17,Active
D133,Dr. Edwin Green,M,Endocrinology,10,2014-11-01,On Leave
D134,Dr. Phillip Rogers,M,Dermatology,14,2023-02-23,On Leave
D135,Dr. Rebecca Durham,M,Orthopedics,15,2016-12-07,On Leave
D136,Dr. Steven Lee,M,ENT,10,2013-09-27,On Leave
D137,Dr. Wesley Zuniga,F,Dermatology,17,2016-08-18,Active
D138,Dr. George Huynh Jr.,M,Pediatrics,13,2017-09-09,Active
D139,Dr. Alejandro Lee,M,Orthopedics,17,2019-05-08,On Leave
D140,Dr. Andrea Medina,M,General,18,2016-08-06,Active
D141,Dr. Jamie Collins,M,Orthopedics,18,2015-08-14,Active
D142,Dr. Steven Orozco,F,Gynecology,15,2012-08-28,Active
D143,Dr. Jacob Ryan,F,Pediatrics,15,2020-06-24,On Leave
D144,Dr. Todd Mccarthy,F,Gynecology,8,2012-11-08,On Leave
D145,Dr. Danielle Walsh,F,Neurology,16,2021-03-28,On Leave
D146,Dr. Joe Barnett,F,Endocrinology,8,2019-05-28,Active
D147,Dr. Timothy Lawson,M,Dermatology,18,2016-05-26,Active
D148,Dr. Thomas Turner,M,ENT,11,2016-01-13,On Leave
D149,Dr. Dustin Todd,F,General,12,2021-04-20,Active
D150,Dr. Michael Thompson,F,ENT,15,2020-06-09,On Leave
D151,Dr. Teresa Martinez,M,Pediatrics,13,2015-05-14,Active
D152,Dr. Christy Brown,F,General,9,2023-01-16,Active
D153,Dr. Kenneth Taylor,M,Dermatology,13,2025-01-04,On Leave
D154,Dr. Lisa Decker,M,Neurology,15,2015-06-01,On Leave
D155,Dr. Stephen Garcia,F,Pediatrics,18,2012-10-13,On Leave
D156,Dr. Brenda Schultz MD,M,Pediatrics,17,2011-02-25,On Leave
D157,Dr. Valerie Holmes,M,Endocrinology,9,2023-06-08,Active
D158,Dr. Ashley Henderson,M,Dermatology,12,2022-05-15,On Leave
D159,Dr. Anthony Jordan,F,General,17,2011-10-02,On Leave
D160,Dr. Kelly Gonzalez,F,General,18,2012-12-04,Active
D161,Dr. Jared Horton,F,Orthopedics,14,2013-04-26,Active
D162,Dr. Jacqueline Lewis,F,Gynecology,14,2022-06-03,On Leave
D163,Dr. Sabrina Romero,M,Gynecology,13,2023-04-09,On Leave
D164,Dr. William Martinez,F,Pediatrics,12,2012-03-13,Active
D165,Dr. Jessica Dudley,M,General,16,2015-12-28,On Leave
D166,Dr. Carrie Bell,M,Neurology,15,2014-07-05,Active
D167,Dr. Justin Larsen,F,Neurology,18,2023-06-27,Active
D168,Dr. Henry Gardner,F,Gynecology,11,2021-08-10,Active
D169,Dr. Jeffrey Smith,M,ENT,17,2011-03-17,On Leave
D170,Dr. Mr. Peter Smith,F,Dermatology,13,2014-10-30,Active
D171,Dr. Jill Richmond,F,Cardiology,11,2011-12-12,On Leave
D172,Dr. Lee Miller,F,General,10,2010-11-06,On Leave
D173,Dr. Aaron Blair,F,ENT,11,2023-05-09,On Leave
D174,Dr. Tamara Hill,M,Pediatrics,8,2021-12-25,Active
D175,Dr. Lisa Daniel,F,Pediatrics,14,2017-12-19,On Leave
D176,Dr. Mark Jones,M,Cardiology,17,2022-01-15,On Leave
D177,Dr. Susan Stanley,F,Neurology,17,2017-01-22,Active
D178,Dr. Curtis Stevens,M,Cardiology,18,2019-01-02,Active
D179,Dr. Jose Lane,F,Neurology,8,2020-08-20,Active
D180,Dr. Samuel Hernandez,F,Endocrinology,10,2019-03-22,Active
D181,Dr. Keith Martinez,M,Orthopedics,9,2018-09-20,Active
D182,Dr. Jeffrey Williams,M,Cardiology,18,2013-05-23,On Leave
D183,Dr. Amber Dean,M,Endocrinology,14,2018-07-02,Active
D184,Dr. David Tucker,M,Pediatrics,13,2011-09-02,On Leave
D185,Dr. John Howell,M,ENT,18,2017-12-10,Active
D186,Dr. Tyler Sanford,M,Cardiology,10,2017-02-10,On Leave
D187,Dr. Phillip Mueller,F,Pediatrics,18,2013-11-20,Active
D188,Dr. Larry Patrick,F,Pediatrics,11,2018-05-07,Active
D189,Dr. Ashley Duran,F,Pediatrics,11,2019-07-29,Active
D190,Dr. Christopher Cruz,F,Orthopedics,15,2012-05-01,Active
D191,Dr. Keith Thomas,M,Orthopedics,14,2018-09-01,On Leave
D192,Dr. Jeffrey Sims,M,General,12,2023-05-25,Active
D193,Dr. Troy Brown,F,Dermatology,9,2020-06-21,On Leave
D194,Dr. William Griffin,F,General,14,2022-01-29,Active
D195,Dr. Deanna Hines,F,ENT,10,2024-05-09,Active
D196,Dr. Tamara Diaz,M,ENT,8,2025-04-30,On Leave
D197,Dr. Stephen Rosales,F,Pediatrics,9,2013-06-24,On Leave
D198,Dr. Jonathan Moore,F,Dermatology,14,2022-07-05,On Leave
D199,Dr. Devin Lloyd,F,ENT,16,2015-03-05,Active
D200,Dr. Jennifer Green,M,Cardiology,10,2011-11-21,Active
